编号,对应资源编号,位置,缩放,角度,预制体UUID
number,string,string,string,string,string
ID,name,position,scale,eulY,prefabUuid
1,1004,"0,0,-7.76","1,1,1",0,
2,1002,"0,0,1","1,1,1",0,
3,1002,"0,0,-8.52","1,1,1",0,
4,1004,"0,0,-17.28","1,1,1",0,
5,1002,"0,0,5","1,1,1",0,
6,1002,"0,0,-12.52","1,1,1",0,
7,1002,"0,0,-18.02","1,1,1",0,
8,1002,"0,0,-3","1,1,1",0,
9,1002,"0,0,-22.03","1,1,1",0,
10,1002,"0,0,-27.54","1,1,1",0,
11,1004,"0,0,-26.79","1,1,1",0,
12,1002,"0,0,-31.54","1,1,1",0,
13,1004,"0,0,-46.53","1,1,1",0,
14,1002,"0,0,-39.53","1,1,1",0,
15,1007,"0,0,-44.03","1,1,1",89.99999999999999,
16,1007,"-2.5,0,-46.53","1,1,1",0,
17,1002,"0,0,-49.53","1,1,1",0,
18,1005,"0,0,-44.03","1,1,1",-89.99999999999999,
19,1005,"2.5,0,-46.53","1,1,1",0,
20,1006,"0,0,-53.53","1,1,1",0,
21,1002,"-2.5,0,-56.03","1,1,1",89.99999999999999,
22,1007,"-6.5,0,-56.03","1,1,1",89.99999999999999,
23,1007,"-9,0,-58.53","1,1,1",0,
24,1006,"-6.5,0,-61.03","1,1,1",-89.99999999999999,
25,1008,"-4,0,-63.53","1,1,1",0,
26,1006,"-1.5,0,-66.03","1,1,1",-89.99999999999999,
27,1006,"1,0,-68.53","1,1,1",0,
28,1007,"-1.5,0,-71.03","1,1,1",89.99999999999999,
29,1010,"-4,0,-73.53","1,1,1",0,
45,1004,"-3,0,-52.53","1,1,1",0,
46,1004,"-3,0,-59.03","1,1,1",0,
47,2003,"-0.25,0,-46.53","1,1,1",0,
48,2002,"-0.25,0,-42.53","1,1,1",0,
49,2003,"0.25,0,-46.53","1,1,1",0,
50,2002,"0.25,0,-42.53","1,1,1",0,
51,2002,"1,0,-43.78","1,1,1",89.99999999999999,
52,2002,"1,0,-44.28","1,1,1",89.99999999999999,
53,2002,"-1,0,-44.28","1,1,1",89.99999999999999,
54,2002,"-1,0,-43.78","1,1,1",89.99999999999999,
55,2002,"-2,0,-44.28","1,1,1",45.00000000000001,
56,2002,"2,0,-44.28","1,1,1",-45.00000000000001,
57,2001,"-2.25,0,-46.83","1,1,1",0,
58,2001,"-2.75,0,-46.23","1,1,1",0,
59,2001,"2.75,0,-46.23","1,1,1",0,
60,2001,"2.25,0,-46.83","1,1,1",0,
61,2002,"1,0,-48.78","1,1,1",89.99999999999999,
62,2002,"1,0,-49.28","1,1,1",89.99999999999999,
63,2002,"-1,0,-49.28","1,1,1",89.99999999999999,
64,2002,"-1,0,-48.78","1,1,1",89.99999999999999,
65,2001,"-0.25,0,-51.53","1,1,1",0,
66,2001,"0.25,0,-51.53","1,1,1",0,
67,2003,"-3.25,0,-52.53","1,1,1",45.00000000000001,
68,2003,"-2.75,0,-52.53","1,1,1",45.00000000000001,
69,2003,"-3.25,0,-59.03","1,1,1",0,
70,2003,"-2.75,0,-59.03","1,1,1",0,
71,2002,"0.25,0,-53.53","1,1,1",0,
72,2002,"-0.25,0,-53.53","1,1,1",0,
73,2002,"-2.5,0,-56.28","1,1,1",89.99999999999999,
74,2002,"-2.5,0,-55.66","1,1,1",89.99999999999999,
75,2002,"-0.4,0,-54.91","1,1,1",29.999999999999993,
76,2002,"-1.25,0,-55.66","1,1,1",59.99999999999999,
77,2002,"-2.25,0,-48.53","1,1,1",-45.00000000000001,
78,2002,"2.25,0,-48.53","1,1,1",45.00000000000001,
79,2001,"-5,0,-56.28","1,1,1",89.99999999999999,
80,2001,"-5,0,-55.78","1,1,1",89.99999999999999,
81,2002,"-7,0,-56.03","1,1,1",89.99999999999999,
82,2002,"-8.5,0,-56.03","1,1,1",59.99999999999999,
83,2002,"-8.75,0,-56.78","1,1,1",29.999999999999993,
84,2002,"-8.75,0,-58.53","1,1,1",0,
85,2002,"-9.25,0,-58.53","1,1,1",0,
86,2002,"-8.75,0,-60.53","1,1,1",-45.00000000000001,
87,2002,"-7,0,-61.28","1,1,1",89.99999999999999,
88,2002,"-7,0,-60.78","1,1,1",89.99999999999999,
89,2002,"-5.38,0,-61.28","1,1,1",-59.99999999999999,
90,2002,"-4.24,0,-62.03","1,1,1",-29.999999999999993,
91,2002,"-4.6,0,-62.28","1,1,1",-29.999999999999993,
92,2002,"-4,0,-63.53","1,1,1",0,
93,2002,"-3.85,0,-64.85","1,1,1",-29.999999999999993,
94,2002,"-3.5,0,-64.6","1,1,1",-29.999999999999993,
95,2002,"-2.88,0,-65.66","1,1,1",-59.99999999999999,
96,2002,"-1.5,0,-66.28","1,1,1",89.99999999999999,
97,2002,"-1.5,0,-65.78","1,1,1",89.99999999999999,
98,2002,"-0.28,0,-66.41","1,1,1",-59.99999999999999,
99,2002,"0.85,0,-67.21","1,1,1",-29.999999999999993,
100,2002,"0.48,0,-67.41","1,1,1",-29.999999999999993,
101,2002,"0.95,0,-68.53","1,1,1",0,
102,2002,"0.17,0,-70.1","1,1,1",45.00000000000001,
103,2002,"0.47,0,-70.38","1,1,1",45.00000000000001,
104,2002,"-1.5,0,-70.78","1,1,1",89.99999999999999,
105,2002,"-2.75,0,-71.28","1,1,1",89.99999999999999,
106,2003,"-4.25,0,-72.03","1,1,1",0,
107,2003,"-3.75,0,-72.03","1,1,1",0,
108,2003,"-3.75,0,-73.03","1,1,1",0,
109,2003,"-4.25,0,-73.03","1,1,1",0,
110,1002,"0,0,-35.54","1,1,1",0,
111,1002,"0,0,9","1,1,1",0,
112,1002,"0,0,13","1,1,1",0,
113,1002,"0,0,17","1,1,1",0,
114,1002,"0,0,21","1,1,1",0,
